Month,Season,State,High,Low,Precipitation,TempRange,HighLowMean
1,Winter,Alabama,13.4,1.4,13.4,12,7.4
1,Winter,Alaska,-11.8,-19.1,7.2,7.3,-15.45
1,Winter,Arizona,13.2,-0.8,3,14,6.2
1,Winter,Arkansas,10,-0.9,9.7,10.9,4.55
1,Winter,California,12.6,1.7,10.5,10.9,7.15
1,Winter,Colorado,3.8,-10.2,2.7,14,-3.2
1,Winter,Connecticut,2.2,-7.5,9.1,9.7,-2.65
1,Winter,Delaware,6.6,-3.1,8.5,9.7,1.75
1,Winter,Florida,20.8,8.4,8.3,12.4,14.6
1,Winter,Georgia,14.3,2,11.4,12.3,8.15
1,Winter,Hawaii,25,16.9,9.7,8.1,20.95
1,Winter,Idaho,0.7,-8.3,7.2,9,-3.8
1,Winter,Illinois,1.5,-7.4,5.9,8.9,-2.95
1,Winter,Indiana,2,-6.8,7.5,8.8,-2.4
1,Winter,Iowa,-2.2,-11.7,2.5,9.5,-6.95
1,Winter,Kansas,5.9,-7,1.8,12.9,-0.55
1,Winter,Kentucky,6.4,-3.7,9.5,10.1,1.35
1,Winter,Louisiana,15.6,4.3,14.4,11.3,9.95
1,Winter,Maine,-4.1,-14.6,8.3,10.5,-9.35
1,Winter,Maryland,5.9,-3.7,8.1,9.6,1.1
1,Winter,Massachusetts,1.6,-8.3,9.3,9.9,-3.35
1,Winter,Michigan,-2.4,-10.7,5.3,8.3,-6.55
1,Winter,Minnesota,-7.1,-17.3,2,10.2,-12.2
1,Winter,Mississippi,13.3,1.8,13.8,11.5,7.55
1,Winter,Missouri,4.6,-5.9,5.4,10.5,-0.65
1,Winter,Montana,-0.7,-11.5,3,10.8,-6.1
1,Winter,Nebraska,2.4,-10.1,1.2,12.5,-3.85
1,Winter,Nevada,6.4,-5.5,3,11.9,0.45
1,Winter,New Hampshire,-1.9,-12.5,8.4,10.6,-7.2
1,Winter,New Jersey,4.6,-4.9,8.9,9.5,-0.15
1,Winter,New Mexico,9.8,-5.7,1.7,15.5,2.05
1,Winter,New York,-1,-10.6,7.8,9.6,-5.8
1,Winter,North Carolina,10.7,-0.9,10,11.6,4.9
1,Winter,North Dakota,-6.7,-17.2,1.2,10.5,-11.95
1,Winter,Ohio,2.1,-6.5,7.4,8.6,-2.2
1,Winter,Oklahoma,10,-3,4,13,3.5
1,Winter,Oregon,5,-3.3,11.5,8.3,0.85
1,Winter,Pennsylvania,1.5,-7.5,8.2,9,-3
1,Winter,Rhode Island,3.1,-6.3,10,9.4,-1.6
1,Winter,South Carolina,13.6,1.3,9.7,12.3,7.45
1,Winter,South Dakota,-1.9,-13.2,1.2,11.3,-7.55
1,Winter,Tennessee,8.6,-2,11.7,10.6,3.3
1,Winter,Texas,15.3,1.6,4.4,13.7,8.45
1,Winter,Utah,3.5,-7.9,3.1,11.4,-2.2
1,Winter,Vermont,-2.9,-13.4,7.9,10.5,-8.15
1,Winter,Virginia,7.5,-3.3,8.6,10.8,2.1
1,Winter,Washington,3,-3.2,15.8,6.2,-0.1
1,Winter,West Virginia,4.6,-5.3,8.9,9.9,-0.35
1,Winter,Wisconsin,-4.5,-14.1,3.1,9.6,-9.3
1,Winter,Wyoming,0.2,-11.6,2.4,11.8,-5.7
2,Winter,Alabama,15.9,3.3,13.1,12.6,9.6
2,Winter,Alaska,-8.8,-17.1,6.1,8.3,-12.95
2,Winter,Arizona,15.2,0.7,3.1,14.5,7.95
2,Winter,Arkansas,12.6,1,10.1,11.6,6.8
2,Winter,California,14.1,2.4,9.9,11.7,8.25
2,Winter,Colorado,5.4,-8.8,2.8,14.2,-1.7
2,Winter,Connecticut,3.7,-6.7,7.8,10.4,-1.5
2,Winter,Delaware,8.1,-2.4,7.4,10.5,2.85
2,Winter,Florida,22.6,9.9,7.4,12.7,16.25
2,Winter,Georgia,16.6,3.6,10.9,13,10.1
2,Winter,Hawaii,24.9,17,10.5,7.9,20.95
2,Winter,Idaho,3,-7.4,5.6,10.4,-2.2
2,Winter,Illinois,4.3,-5.3,5.4,9.6,-0.5
2,Winter,Indiana,4.5,-5.1,6.3,9.6,-0.3
2,Winter,Iowa,0.6,-9.4,3,10,-4.4
2,Winter,Kansas,8.4,-5.1,2.5,13.5,1.65
2,Winter,Kentucky,9,-2.1,9.8,11.1,3.45
2,Winter,Louisiana,17.8,6.3,11.8,11.5,12.05
2,Winter,Maine,-2.3,-13.8,7.1,11.5,-8.05
2,Winter,Maryland,7.6,-3,7,10.6,2.3
2,Winter,Massachusetts,3,-7.4,8.3,10.4,-2.2
2,Winter,Michigan,-0.8,-10.4,4.2,9.6,-5.6
2,Winter,Minnesota,-4,-15.3,2,11.3,-9.65
2,Winter,Mississippi,15.9,3.7,13.6,12.2,9.8
2,Winter,Missouri,7.6,-3.7,5.8,11.3,1.95
2,Winter,Montana,1.1,-10.5,2.6,11.6,-4.7
2,Winter,Nebraska,4.5,-8.4,1.7,12.9,-1.95
2,Winter,Nevada,8.3,-4.1,2.8,12.4,2.1
2,Winter,New Hampshire,-0.1,-11.7,7.5,11.6,-5.9
2,Winter,New Jersey,6.2,-4.1,7.3,10.3,1.05
2,Winter,New Mexico,12.2,-3.9,1.5,16.1,4.15
2,Winter,New York,0.5,-9.9,6.3,10.4,-4.7
2,Winter,North Carolina,12.7,0.4,8.6,12.3,6.55
2,Winter,North Dakota,-4.2,-15.1,1.2,10.9,-9.65
2,Winter,Ohio,4.2,-5.4,6.3,9.6,-0.6
2,Winter,Oklahoma,12.5,-0.9,4.3,13.4,5.8
2,Winter,Oregon,6.8,-2.8,8.6,9.6,2
2,Winter,Pennsylvania,3.3,-6.7,6.6,10,-1.7
2,Winter,Rhode Island,4.3,-5.6,8.8,9.9,-0.65
2,Winter,South Carolina,15.6,2.7,8.9,12.9,9.15
2,Winter,South Dakota,0.5,-11.4,1.6,11.9,-5.45
2,Winter,Tennessee,11.1,-0.2,12.4,11.3,5.45
2,Winter,Texas,17.7,3.7,4.1,14,10.7
2,Winter,Utah,6.2,-5.9,3.1,12.1,0.15
2,Winter,Vermont,-1.2,-12.6,6.7,11.4,-6.9
2,Winter,Virginia,9.6,-2.1,7.3,11.7,3.75
2,Winter,Washington,5.5,-2.7,10.9,8.2,1.4
2,Winter,West Virginia,6.8,-4,8.2,10.8,1.4
2,Winter,Wisconsin,-1.8,-12.5,2.9,10.7,-7.15
2,Winter,Wyoming,1.6,-10.8,2.5,12.4,-4.6
3,Spring,Alabama,20.2,6.6,13.7,13.6,13.4
3,Spring,Alaska,-6,-15.8,5.4,9.8,-10.9
3,Spring,Arizona,19.1,3.3,2.5,15.8,11.2
3,Spring,Arkansas,17.4,5,12.7,12.4,11.2
3,Spring,California,16.8,4,8.3,12.8,10.4
3,Spring,Colorado,10.4,-4.8,3.5,15.2,2.8
3,Spring,Connecticut,8.1,-2.7,10.6,10.8,2.7
3,Spring,Delaware,12.3,1.3,10.5,11,6.8
3,Spring,Florida,25,12.1,8.8,12.9,18.55
3,Spring,Georgia,20.6,6.9,11.8,13.7,13.75
3,Spring,Hawaii,25.2,17.5,13.6,7.7,21.35
3,Spring,Idaho,7.7,-4.1,6.2,11.8,1.8
3,Spring,Illinois,10.7,-0.3,7.5,11,5.2
3,Spring,Indiana,10.5,-0.5,8.5,11,5
3,Spring,Iowa,8,-3.1,5.1,11.1,2.45
3,Spring,Kansas,14.3,0,4.5,14.3,7.15
3,Spring,Kentucky,14.2,1.8,11.9,12.4,8
3,Spring,Louisiana,21.7,9.6,12.1,12.1,15.65
3,Spring,Maine,2.8,-8.4,8.5,11.2,-2.8
3,Spring,Maryland,12.1,0.8,10.1,11.3,6.45
3,Spring,Massachusetts,7.2,-3.5,10.9,10.7,1.85
3,Spring,Michigan,5,-6,5,11,-0.5
3,Spring,Minnesota,3.3,-7.9,3.3,11.2,-2.3
3,Spring,Mississippi,20.2,7.2,14,13,13.7
3,Spring,Missouri,13.4,1.1,8.5,12.3,7.25
3,Spring,Montana,6.6,-6.1,3.2,12.7,0.25
3,Spring,Nebraska,10.8,-3.3,3.2,14.1,3.75
3,Spring,Nevada,12.5,-1.3,2.8,13.8,5.6
3,Spring,New Hampshire,4.6,-7,9.1,11.6,-1.2
3,Spring,New Jersey,10.5,-0.5,10.7,11,5
3,Spring,New Mexico,16.5,-0.9,1.8,17.4,7.8
3,Spring,New York,5.2,-5.6,7.8,10.8,-0.2
3,Spring,North Carolina,16.7,3.6,10.5,13.1,10.15
3,Spring,North Dakota,2.9,-8.4,1.9,11.3,-2.75
3,Spring,Ohio,9.7,-1.1,8.3,10.8,4.3
3,Spring,Oklahoma,17.5,3.8,7.1,13.7,10.65
3,Spring,Oregon,10.1,-1.2,9.2,11.3,4.45
3,Spring,Pennsylvania,8.3,-2.9,9,11.2,2.7
3,Spring,Rhode Island,8.2,-1.9,12.2,10.1,3.15
3,Spring,South Carolina,19.6,6,10,13.6,12.8
3,Spring,South Dakota,7,-5.6,2.6,12.6,0.7
3,Spring,Tennessee,16,3.4,13.4,12.6,9.7
3,Spring,Texas,21.8,7.6,5.4,14.2,14.7
3,Spring,Utah,11.4,-2.1,3.2,13.5,4.65
3,Spring,Vermont,3.6,-7.7,8,11.3,-2.05
3,Spring,Virginia,14,1.3,9.9,12.7,7.65
3,Spring,Washington,9.3,-0.7,11.8,10,4.3
3,Spring,West Virginia,11.7,-0.4,10.5,12.1,5.65
3,Spring,Wisconsin,4.8,-6.5,4.6,11.3,-0.85
3,Spring,Wyoming,7.1,-6.3,3.1,13.4,0.4
4,Spring,Alabama,24.3,10.2,12.4,14.1,17.25
4,Spring,Alaska,1.7,-8.1,4.8,9.8,-3.2
4,Spring,Arizona,23.1,6.1,1,17,14.6
4,Spring,Arkansas,22.5,9.6,13.8,12.9,16.05
4,Spring,California,19.8,5.9,4.3,13.9,12.85
4,Spring,Colorado,14.2,-1.3,4.6,15.5,6.45
4,Spring,Connecticut,14.9,2.5,10.6,12.4,8.7
4,Spring,Delaware,18.5,6.3,8.8,12.2,12.4
4,Spring,Florida,27.9,14.8,7.9,13.1,21.35
4,Spring,Georgia,24.7,10.3,9.6,14.4,17.5
4,Spring,Hawaii,25.9,18.4,7.7,7.5,22.15
4,Spring,Idaho,11.8,-1.2,5.6,13,5.3
4,Spring,Illinois,17.7,5.1,10.8,12.6,11.4
4,Spring,Indiana,17.5,4.8,11.2,12.7,11.15
4,Spring,Iowa,15.6,2.9,9.3,12.7,9.25
4,Spring,Kansas,19.5,4.8,6.8,14.7,12.15
4,Spring,Kentucky,20.4,6.7,12,13.7,13.55
4,Spring,Louisiana,25.3,13.2,13,12.1,19.25
4,Spring,Maine,9.8,-1.7,9.4,11.5,4.05
4,Spring,Maryland,18.6,6.1,8.9,12.5,12.35
4,Spring,Massachusetts,14,1.9,10.5,12.1,7.95
4,Spring,Michigan,12.1,0,7.9,12.1,6.05
4,Spring,Minnesota,11.7,-0.7,5.8,12.4,5.5
4,Spring,Mississippi,24.4,11,14.4,13.4,17.7
4,Spring,Missouri,19.5,6.5,11.7,13,13
4,Spring,Montana,11.8,-1.7,4.6,13.5,5.05
4,Spring,Nebraska,16.2,1.6,6.4,14.6,8.9
4,Spring,Nevada,16,1.1,2.5,14.9,8.55
4,Spring,New Hampshire,12,-0.9,9.8,12.9,5.55
4,Spring,New Jersey,17.1,4.6,9.4,12.5,10.85
4,Spring,New Mexico,20.7,2.5,1.6,18.2,11.6
4,Spring,New York,12.7,0.5,9,12.2,6.6
4,Spring,North Carolina,21.9,8.2,9.8,13.7,15.05
4,Spring,North Dakota,11.8,-1.6,3.2,13.4,5.1
4,Spring,Ohio,17,4.2,9.9,12.8,10.6
4,Spring,Oklahoma,22.3,8.2,9.1,14.1,15.25
4,Spring,Oregon,13.1,0.6,7.3,12.5,6.85
4,Spring,Pennsylvania,15.7,2.6,9.7,13.1,9.15
4,Spring,Rhode Island,14.3,3.1,11.2,11.2,8.7
4,Spring,South Carolina,24.2,10.1,8.6,14.1,17.15
4,Spring,South Dakota,13.9,0,5.5,13.9,6.95
4,Spring,Tennessee,21.5,7.7,13,13.8,14.6
4,Spring,Texas,26,11.3,5.5,14.7,18.65
4,Spring,Utah,15.3,0.8,3.2,14.5,8.05
4,Spring,Vermont,11.2,-1.1,9.2,12.3,5.05
4,Spring,Virginia,20,6.2,9.3,13.8,13.1
4,Spring,Washington,13.2,1.6,8.4,11.6,7.4
4,Spring,West Virginia,18.5,4.4,10.2,14.1,11.45
4,Spring,Wisconsin,12.4,-0.1,8.1,12.5,6.15
4,Spring,Wyoming,11.3,-2.8,4.6,14.1,4.25
5,Spring,Alabama,28.2,15,10.6,13.2,21.6
5,Spring,Alaska,9.4,-0.4,5.4,9.8,4.5
5,Spring,Arizona,28.1,10.5,0.9,17.6,19.3
5,Spring,Arkansas,26.6,14.7,13.9,11.9,20.65
5,Spring,California,24.2,9.5,2.5,14.7,16.85
5,Spring,Colorado,19.5,3.8,5,15.7,11.65
5,Spring,Connecticut,20.8,8.1,9.6,12.7,14.45
5,Spring,Delaware,23.4,11.6,9.1,11.8,17.5
5,Spring,Florida,30.8,18.4,9.3,12.4,24.6
5,Spring,Georgia,28.6,15.1,8.4,13.5,21.85
5,Spring,Hawaii,26.9,19.2,6.4,7.7,23.05
5,Spring,Idaho,17.1,3,5.9,14.1,10.05
5,Spring,Illinois,23.4,11.3,12.1,12.1,17.35
5,Spring,Indiana,23.1,10.7,12.1,12.4,16.9
5,Spring,Iowa,21.7,9.3,12.3,12.4,15.5
5,Spring,Kansas,24.7,10.8,10.7,13.9,17.75
5,Spring,Kentucky,24.8,12,12.9,12.8,18.4
5,Spring,Louisiana,29.1,17.8,12.4,11.3,23.45
5,Spring,Maine,17.4,4.3,9.3,13.1,10.85
5,Spring,Maryland,23.5,11.4,10.2,12.1,17.45
5,Spring,Massachusetts,20.1,7.6,9.4,12.5,13.85
5,Spring,Michigan,19.3,6.1,8.8,13.2,12.7
5,Spring,Minnesota,19.2,6.1,8.8,13.1,12.65
5,Spring,Mississippi,28.4,15.9,11.9,12.5,22.15
5,Spring,Missouri,24.2,12.1,13.7,12.1,18.15
5,Spring,Montana,17.3,3.2,6.7,14.1,10.25
5,Spring,Nebraska,21.7,7.6,9.8,14.1,14.65
5,Spring,Nevada,21.3,5.6,2.7,15.7,13.45
5,Spring,New Hampshire,18.9,5.2,10,13.7,12.05
5,Spring,New Jersey,22.4,10.1,9.5,12.3,16.25
5,Spring,New Mexico,25.6,7.3,2.3,18.3,16.45
5,Spring,New York,19.6,6.8,9.4,12.8,13.2
5,Spring,North Carolina,25.7,13,10.2,12.7,19.35
5,Spring,North Dakota,19.1,5,6.9,14.1,12.05
5,Spring,Ohio,22.6,9.8,10.8,12.8,16.2
5,Spring,Oklahoma,26.7,13.8,12.5,12.9,20.25
5,Spring,Oregon,18,4.1,6,13.9,11.05
5,Spring,Pennsylvania,21.4,8.1,10.3,13.3,14.75
5,Spring,Rhode Island,20,8.5,9,11.5,14.25
5,Spring,South Carolina,28.1,14.8,9,13.3,21.45
5,Spring,South Dakota,20.2,6.4,8.4,13.8,13.3
5,Spring,Tennessee,25.6,12.9,12.4,12.7,19.25
5,Spring,Texas,29.8,16.4,8.3,13.4,23.1
5,Spring,Utah,20.9,5.6,3.3,15.3,13.25
5,Spring,Vermont,18.5,5.2,10.1,13.3,11.85
5,Spring,Virginia,24.1,11.2,10.9,12.9,17.65
5,Spring,Washington,17.9,5.3,6.3,12.6,11.6
5,Spring,West Virginia,23,9.3,12.4,13.7,16.15
5,Spring,Wisconsin,19.5,6.4,10,13.1,12.95
5,Spring,Wyoming,16.7,2.2,6.1,14.5,9.45
6,Summer,Alabama,31.3,19.3,12.5,12,25.3
6,Summer,Alaska,15.5,5.5,6.1,10,10.5
6,Summer,Arizona,33.9,15.5,0.5,18.4,24.7
6,Summer,Arkansas,30.8,19.3,10,11.5,25.05
6,Summer,California,29.1,13.1,0.9,16,21.1
6,Summer,Colorado,25.7,8.7,3.7,17,17.2
6,Summer,Connecticut,25.4,13.3,11.1,12.1,19.35
6,Summer,Delaware,28.2,16.9,10.4,11.3,22.55
6,Summer,Florida,32.4,21.6,19.4,10.8,27
6,Summer,Georgia,31.4,19.3,12.6,12.1,25.35
6,Summer,Hawaii,27.8,20.3,5.6,7.5,24.05
6,Summer,Idaho,21.8,6.5,4.6,15.3,14.15
6,Summer,Illinois,28.3,16.4,11.8,11.9,22.35
6,Summer,Indiana,27.8,15.8,12.2,12,21.8
6,Summer,Iowa,27,15.1,13.4,11.9,21.05
6,Summer,Kansas,30.4,16.5,10.3,13.9,23.45
6,Summer,Kentucky,28.9,16.6,12,12.3,22.75
6,Summer,Louisiana,32.1,21.5,14,10.6,26.8
6,Summer,Maine,22.3,9.7,11.1,12.6,16
6,Summer,Maryland,28.1,16.5,10.7,11.6,22.3
6,Summer,Massachusetts,24.7,12.7,10.9,12,18.7
6,Summer,Michigan,24.6,11.6,8.7,13,18.1
6,Summer,Minnesota,24.4,12,11.3,12.4,18.2
6,Summer,Mississippi,31.7,20,12,11.7,25.85
6,Summer,Missouri,29,17.2,11.7,11.8,23.1
6,Summer,Montana,22,7.6,7.3,14.4,14.8
6,Summer,Nebraska,27.7,13.5,9.6,14.2,20.6
6,Summer,Nevada,27.4,10,1.5,17.4,18.7
6,Summer,New Hampshire,23.5,10.5,11.6,13,17
6,Summer,New Jersey,27.2,15.3,10.9,11.9,21.25
6,Summer,New Mexico,31,12.4,2.6,18.6,21.7
6,Summer,New York,24.1,11.9,10.9,12.2,18
6,Summer,North Carolina,29.4,17.7,12,11.7,23.55
6,Summer,North Dakota,24.2,11,8.8,13.2,17.6
6,Summer,Ohio,27.1,14.9,11.1,12.2,21
6,Summer,Oklahoma,31.5,18.8,10.8,12.7,25.15
6,Summer,Oregon,22.1,7,3.7,15.1,14.55
6,Summer,Pennsylvania,25.7,13.1,11.2,12.6,19.4
6,Summer,Rhode Island,24.6,13.7,10,10.9,19.15
6,Summer,South Carolina,31.3,19.4,12.2,11.9,25.35
6,Summer,South Dakota,25.9,12.3,9,13.6,19.1
6,Summer,Tennessee,29.4,17.4,12,12,23.4
6,Summer,Texas,33.5,20.4,7.9,13.1,26.95
6,Summer,Utah,27.3,10.4,1.7,16.9,18.85
6,Summer,Vermont,23.1,10.3,11.9,12.8,16.7
6,Summer,Virginia,28.1,16,11.2,12.1,22.05
6,Summer,Washington,21,8.2,4.9,12.8,14.6
6,Summer,West Virginia,26.7,14,11.9,12.7,20.35
6,Summer,Wisconsin,24.7,12.1,11.9,12.6,18.4
6,Summer,Wyoming,22.9,6.7,4.4,16.2,14.8
7,Summer,Alabama,32.6,21.1,13.1,11.5,26.85
7,Summer,Alaska,16.8,7.7,8.8,9.1,12.25
7,Summer,Arizona,35.1,19.3,4.1,15.8,27.2
7,Summer,Arkansas,32.8,21.1,9.9,11.7,26.95
7,Summer,California,32.7,16.4,0.5,16.3,24.55
7,Summer,Colorado,28.6,12,5.4,16.6,20.3
7,Summer,Connecticut,28.3,16.5,10.3,11.8,22.4
7,Summer,Delaware,30.7,19.7,11.2,11,25.2
7,Summer,Florida,33.1,22.7,18.3,10.4,27.9
7,Summer,Georgia,32.8,21.1,12.7,11.7,26.95
7,Summer,Hawaii,28.5,21,6.6,7.5,24.75
7,Summer,Idaho,27.9,10.3,1.8,17.6,19.1
7,Summer,Illinois,29.9,18.4,10.3,11.5,24.15
7,Summer,Indiana,29.3,17.6,10.9,11.7,23.45
7,Summer,Iowa,28.8,17.2,10.6,11.6,23
7,Summer,Kansas,33.1,19.2,9.8,13.9,26.15
7,Summer,Kentucky,30.6,18.8,12.3,11.8,24.7
7,Summer,Louisiana,33.3,22.7,13.5,10.6,28
7,Summer,Maine,25.1,13,10.2,12.1,19.05
7,Summer,Maryland,30.5,19.2,11.2,11.3,24.85
7,Summer,Massachusetts,27.7,15.9,9.7,11.8,21.8
7,Summer,Michigan,26.9,14,8.5,12.9,20.45
7,Summer,Minnesota,26.7,14.5,10.1,12.2,20.6
7,Summer,Mississippi,32.9,21.6,12.7,11.3,27.25
7,Summer,Missouri,31.2,19.4,10.9,11.8,25.3
7,Summer,Montana,27.6,10.9,3.9,16.7,19.25
7,Summer,Nebraska,30.7,16.4,8.1,14.3,23.55
7,Summer,Nevada,32.2,14.3,1.3,17.9,23.25
7,Summer,New Hampshire,26.2,13.4,11.4,12.8,19.8
7,Summer,New Jersey,29.8,18.4,12,11.4,24.1
7,Summer,New Mexico,31.5,15.3,6.2,16.2,23.4
7,Summer,New York,26.5,14.6,10.5,11.9,20.55
7,Summer,North Carolina,31.1,19.9,13.1,11.2,25.5
7,Summer,North Dakota,27.5,13.6,7.5,13.9,20.55
7,Summer,Ohio,28.9,17,10.6,11.9,22.95
7,Summer,Oklahoma,34.3,21.2,8.1,13.1,27.75
7,Summer,Oregon,27.9,10.5,1.2,17.4,19.2
7,Summer,Pennsylvania,27.9,15.6,11.2,12.3,21.75
7,Summer,Rhode Island,27.7,17.1,8.6,10.6,22.4
7,Summer,South Carolina,33,21.3,12.5,11.7,27.15
7,Summer,South Dakota,29.8,15.4,7.2,14.4,22.6
7,Summer,Tennessee,31.1,19.5,11.9,11.6,25.3
7,Summer,Texas,34.8,21.8,6,13,28.3
7,Summer,Utah,31.2,14.6,2.3,16.6,22.9
7,Summer,Vermont,25.6,13.1,11.8,12.5,19.35
7,Summer,Virginia,30.2,18.4,11.5,11.8,24.3
7,Summer,Washington,26,11.2,2.1,14.8,18.6
7,Summer,West Virginia,28.5,16.3,12.7,12.2,22.4
7,Summer,Wisconsin,26.9,14.5,10.3,12.4,20.7
7,Summer,Wyoming,27.8,10.5,3,17.3,19.15
8,Summer,Alabama,32.3,20.6,11.6,11.7,26.45
8,Summer,Alaska,14.4,6,11.6,8.4,10.2
8,Summer,Arizona,34,18.8,4.9,15.2,26.4
8,Summer,Arkansas,32.6,20.4,9.1,12.2,26.5
8,Summer,California,32.5,15.9,0.4,16.6,24.2
8,Summer,Colorado,27.2,11,5.3,16.2,19.1
8,Summer,Connecticut,27.2,15.6,10.6,11.6,21.4
8,Summer,Delaware,29.6,18.7,11.9,10.9,24.15
8,Summer,Florida,32.9,22.8,19.4,10.1,27.85
8,Summer,Georgia,32.1,20.8,12.7,11.3,26.45
8,Summer,Hawaii,28.9,21.3,8.5,7.6,25.1
8,Summer,Idaho,27.4,9.5,1.8,17.9,18.45
8,Summer,Illinois,29.1,17.1,9,12,23.1
8,Summer,Indiana,28.6,16.5,9.1,12.1,22.55
8,Summer,Iowa,27.6,15.7,10.5,11.9,21.65
8,Summer,Kansas,31.9,18.2,8.9,13.7,25.05
8,Summer,Kentucky,30.2,17.9,9.2,12.3,24.05
8,Summer,Louisiana,33.5,22.5,12.9,11,28
8,Summer,Maine,24.4,12.1,9.4,12.3,18.25
8,Summer,Maryland,29.4,18.2,10.6,11.2,23.8
8,Summer,Massachusetts,26.8,15,10.2,11.8,20.9
8,Summer,Michigan,25.8,13.4,8.4,12.4,19.6
8,Summer,Minnesota,25.6,13.1,9,12.5,19.35
8,Summer,Mississippi,32.9,21,11.3,11.9,26.95
8,Summer,Missouri,30.6,18.2,9.7,12.4,24.4
8,Summer,Montana,27.2,10,3.1,17.2,18.6
8,Summer,Nebraska,29.5,15.3,7.3,14.2,22.4
8,Summer,Nevada,31.2,13.2,1.2,18,22.2
8,Summer,New Hampshire,25.3,12.5,10.5,12.8,18.9
8,Summer,New Jersey,28.8,17.4,11.6,11.4,23.1
8,Summer,New Mexico,30.2,14.5,6,15.7,22.35
8,Summer,New York,25.6,13.7,10.2,11.9,19.65
8,Summer,North Carolina,30.2,19.2,13.2,11,24.7
8,Summer,North Dakota,27.2,12.3,5.5,14.9,19.75
8,Summer,Ohio,28.1,16.1,8.9,12,22.1
8,Summer,Oklahoma,33.8,20.4,8.2,13.4,27.1
8,Summer,Oregon,27.6,10,1.2,17.6,18.8
8,Summer,Pennsylvania,27,14.7,10.2,12.3,20.85
8,Summer,Rhode Island,27,16.4,9.8,10.6,21.7
8,Summer,South Carolina,32,20.9,13.2,11.1,26.45
8,Summer,South Dakota,28.8,14.1,5.9,14.7,21.45
8,Summer,Tennessee,30.8,18.6,9.8,12.2,24.7
8,Summer,Texas,34.8,21.4,6.4,13.4,28.1
8,Summer,Utah,29.8,13.7,2.8,16.1,21.75
8,Summer,Vermont,24.6,12.2,11.1,12.4,18.4
8,Summer,Virginia,29.2,17.6,10.4,11.6,23.4
8,Summer,Washington,25.9,11,2.2,14.9,18.45
8,Summer,West Virginia,27.9,15.8,10,12.1,21.85
8,Summer,Wisconsin,25.7,13.4,9.9,12.3,19.55
8,Summer,Wyoming,26.9,9.4,2.6,17.5,18.15
9,Fall,Alabama,30,17.6,10.3,12.4,23.8
9,Fall,Alaska,9,1.4,12.6,7.6,5.2
9,Fall,Arizona,31.1,15.1,2.9,16,23.1
9,Fall,Arkansas,29.1,16.4,9.4,12.7,22.75
9,Fall,California,29.6,13.3,0.7,16.3,21.45
9,Fall,Colorado,23.1,6.8,3.8,16.3,14.95
9,Fall,Connecticut,23.3,11.6,11.2,11.7,17.45
9,Fall,Delaware,26.1,15.1,10.7,11,20.6
9,Fall,Florida,31.6,21.6,16.6,10,26.6
9,Fall,Georgia,29.6,17.9,10.4,11.7,23.75
9,Fall,Hawaii,28.8,21,7.2,7.8,24.9
9,Fall,Idaho,21.8,5.3,2.8,16.5,13.55
9,Fall,Illinois,25.8,12.8,8.5,13,19.3
9,Fall,Indiana,25.5,12.3,8.4,13.2,18.9
9,Fall,Iowa,24.1,11.1,8.8,13,17.6
9,Fall,Kansas,27.7,13.2,6.4,14.5,20.45
9,Fall,Kentucky,27.1,13.9,9.1,13.2,20.5
9,Fall,Louisiana,31.2,19.7,11.4,11.5,25.45
9,Fall,Maine,20,7.7,9.5,12.3,13.85
9,Fall,Maryland,25.8,14.5,11,11.3,20.15
9,Fall,Massachusetts,22.8,10.9,10.8,11.9,16.85
9,Fall,Michigan,21.7,9.3,8.2,12.4,15.5
9,Fall,Minnesota,21,8.6,7.9,12.4,14.8
9,Fall,Mississippi,30.5,17.9,9.7,12.6,24.2
9,Fall,Missouri,26.6,13.7,9.8,12.9,20.15
9,Fall,Montana,21.1,5.3,3.5,15.8,13.2
9,Fall,Nebraska,25.3,10,5.4,15.3,17.65
9,Fall,Nevada,26.3,8.7,1.4,17.6,17.5
9,Fall,New Hampshire,21.1,8.2,10.1,12.9,14.65
9,Fall,New Jersey,25.1,13.7,10.6,11.4,19.4
9,Fall,New Mexico,26.9,10.6,4.5,16.3,18.75
9,Fall,New York,21.7,9.8,10.2,11.9,15.75
9,Fall,North Carolina,27.2,15.9,13.4,11.3,21.55
9,Fall,North Dakota,21.7,7,4.7,14.7,14.35
9,Fall,Ohio,24.8,12,8.4,12.8,18.4
9,Fall,Oklahoma,29.5,16,8.4,13.5,22.75
9,Fall,Oregon,23.4,6.8,2.5,16.6,15.1
9,Fall,Pennsylvania,23.2,10.9,10.9,12.3,17.05
9,Fall,Rhode Island,23.2,12.3,10.4,10.9,17.75
9,Fall,South Carolina,29.1,17.7,11.3,11.4,23.4
9,Fall,South Dakota,24,8.8,4.9,15.2,16.4
9,Fall,Tennessee,27.8,14.9,9.8,12.9,21.35
9,Fall,Texas,31.2,18,7.8,13.2,24.6
9,Fall,Utah,24.8,8.8,3,16,16.8
9,Fall,Vermont,20.6,8.1,9.9,12.5,14.35
9,Fall,Virginia,25.9,14,11.1,11.9,19.95
9,Fall,Washington,21.5,7.8,4.4,13.7,14.65
9,Fall,West Virginia,24.7,12,9.3,12.7,18.35
9,Fall,Wisconsin,21.4,9.1,9.1,12.3,15.25
9,Fall,Wyoming,21.3,4.7,3.2,16.6,13
10,Fall,Alabama,24.8,11.2,8.9,13.6,18
10,Fall,Alaska,0.6,-6,10.7,6.6,-2.7
10,Fall,Arizona,25.1,8.7,2.1,16.4,16.9
10,Fall,Arkansas,23.3,9.9,11,13.4,16.6
10,Fall,California,23.5,8.7,2.9,14.8,16.1
10,Fall,Colorado,16.2,0.4,3.6,15.8,8.3
10,Fall,Connecticut,16.9,5.4,12.1,11.5,11.15
10,Fall,Delaware,20.3,8.7,10,11.6,14.5
10,Fall,Florida,28.7,17.6,9.3,11.1,23.15
10,Fall,Georgia,24.9,11.9,8.1,13,18.4
10,Fall,Hawaii,28.2,20.5,9.3,7.7,24.35
10,Fall,Idaho,13.4,0.1,4.7,13.3,6.75
10,Fall,Illinois,19,6.4,8.3,12.6,12.7
10,Fall,Indiana,18.8,6.2,8.5,12.6,12.5
10,Fall,Iowa,16.8,4.2,6.8,12.6,10.5
10,Fall,Kansas,20.8,6.1,5.9,14.7,13.45
10,Fall,Kentucky,20.9,7.5,8.9,13.4,14.2
10,Fall,Louisiana,26.5,13.6,11.4,12.9,20.05
10,Fall,Maine,12.6,2.2,12.3,10.4,7.4
10,Fall,Maryland,19.8,8.1,9.6,11.7,13.95
10,Fall,Massachusetts,16.3,4.9,12.2,11.4,10.6
10,Fall,Michigan,14.3,3.6,8.9,10.7,8.95
10,Fall,Minnesota,12.7,1.8,6.4,10.9,7.25
10,Fall,Mississippi,25.2,11.4,9.8,13.8,18.3
10,Fall,Missouri,20.3,7.1,8.6,13.2,13.7
10,Fall,Montana,12.6,-0.6,3.9,13.2,6
10,Fall,Nebraska,17.7,2.7,4.7,15,10.2
10,Fall,Nevada,18.9,2.8,2,16.1,10.85
10,Fall,New Hampshire,13.9,2.4,12.8,11.5,8.15
10,Fall,New Jersey,18.8,7.2,10.6,11.6,13
10,Fall,New Mexico,21.5,4.3,3,17.2,12.9
10,Fall,New York,14.8,3.9,10.9,10.9,9.35
10,Fall,North Carolina,22.2,9.3,9.3,12.9,15.75
10,Fall,North Dakota,12.6,0,3.8,12.6,6.3
10,Fall,Ohio,18.1,6,7.7,12.1,12.05
10,Fall,Oklahoma,23.3,9.2,8.5,14.1,16.25
10,Fall,Oregon,15.9,2.5,6.4,13.4,9.2
10,Fall,Pennsylvania,16.7,4.8,9.8,11.9,10.75
10,Fall,Rhode Island,17.1,6.4,12.1,10.7,11.75
10,Fall,South Carolina,24.3,11.3,9.1,13,17.8
10,Fall,South Dakota,15.4,1.5,4.5,13.9,8.45
10,Fall,Tennessee,22,8.3,9.1,13.7,15.15
10,Fall,Texas,26.4,12.3,7.2,14.1,19.35
10,Fall,Utah,17.2,2.5,3.4,14.7,9.85
10,Fall,Vermont,13.3,2.4,11.8,10.9,7.85
10,Fall,Virginia,20.3,7.4,8.8,12.9,13.85
10,Fall,Washington,13.8,3.1,10.5,10.7,8.45
10,Fall,West Virginia,18.7,5.7,8.1,13,12.2
10,Fall,Wisconsin,13.9,2.5,7.6,11.4,8.2
10,Fall,Wyoming,13.1,-1.4,3.5,14.5,5.85
11,Fall,Alabama,19,5.3,10.9,13.7,12.15
11,Fall,Alaska,-7,-13.7,8.9,6.7,-10.35
11,Fall,Arizona,18.3,2.8,1.9,15.5,10.55
11,Fall,Arkansas,16.4,4.5,11.5,11.9,10.45
11,Fall,California,16.7,4.2,5.5,12.5,10.45
11,Fall,Colorado,9,-5.4,2.7,14.4,1.8
11,Fall,Connecticut,10.6,0.3,9.8,10.3,5.45
11,Fall,Delaware,14.1,3.1,8.3,11,8.6
11,Fall,Florida,24.8,12.8,6.2,12,18.8
11,Fall,Georgia,19.6,6.1,8.4,13.5,12.85
11,Fall,Hawaii,26.8,19.5,12.8,7.3,23.15
11,Fall,Idaho,5.3,-4.7,6.4,10,0.3
11,Fall,Illinois,10.7,0.5,7.8,10.2,5.6
11,Fall,Indiana,10.9,0.6,8.6,10.3,5.75
11,Fall,Iowa,8,-2.6,4.6,10.6,2.7
11,Fall,Kansas,13.2,-0.6,3.3,13.8,6.3
11,Fall,Kentucky,14,1.8,9,12.2,7.9
11,Fall,Louisiana,20.8,8.4,11.5,12.4,14.6
11,Fall,Maine,5.5,-3.2,10.1,8.7,1.15
11,Fall,Maryland,13.4,2.5,8,10.9,7.95
11,Fall,Massachusetts,10,-0.1,10,10.1,4.95
11,Fall,Michigan,6.6,-1.8,6.6,8.4,2.4
11,Fall,Minnesota,3.3,-5.8,3.4,9.1,-1.25
11,Fall,Mississippi,19,5.8,11.1,13.2,12.4
11,Fall,Missouri,12.8,1.3,8.3,11.5,7.05
11,Fall,Montana,4.8,-6.3,3.2,11.1,-0.75
11,Fall,Nebraska,9.8,-3.9,2.2,13.7,2.95
11,Fall,Nevada,11.3,-2.4,2,13.7,4.45
11,Fall,New Hampshire,7,-2.8,9.8,9.8,2.1
11,Fall,New Jersey,12.6,2,8.5,10.6,7.3
11,Fall,New Mexico,14.8,-1.7,1.7,16.5,6.55
11,Fall,New York,7.9,-1.3,8.6,9.2,3.3
11,Fall,North Carolina,16.6,3.7,9.1,12.9,10.15
11,Fall,North Dakota,3,-7.5,1.6,10.5,-2.25
11,Fall,Ohio,10.8,0.6,7.4,10.2,5.7
11,Fall,Oklahoma,16.4,3,5.9,13.4,9.7
11,Fall,Oregon,8.4,-1.1,10.8,9.5,3.65
11,Fall,Pennsylvania,9.9,-0.2,8.3,10.1,4.85
11,Fall,Rhode Island,11.3,1.4,10.5,9.9,6.35
11,Fall,South Carolina,18.9,5.5,8.1,13.4,12.2
11,Fall,South Dakota,6.7,-5.5,1.7,12.2,0.6
11,Fall,Tennessee,15.4,2.7,10.7,12.7,9.05
11,Fall,Texas,20.3,6.4,5,13.9,13.35
11,Fall,Utah,9.4,-3.5,2.5,12.9,2.95
11,Fall,Vermont,6.3,-3.1,8.9,9.4,1.6
11,Fall,Virginia,14.4,1.9,8.2,12.5,8.15
11,Fall,Washington,6.6,-0.7,16.2,7.3,2.95
11,Fall,West Virginia,12.2,0.3,7.8,11.9,6.25
11,Fall,Wisconsin,5.3,-3.7,5,9,0.8
11,Fall,Wyoming,5.4,-7.1,2.6,12.5,-0.85
12,Winter,Alabama,14.7,2.8,13.9,11.9,8.75
12,Winter,Alaska,-10.4,-17.4,8,7,-13.9
12,Winter,Arizona,12.7,-1.2,2.7,13.9,5.75
12,Winter,Arkansas,11.3,0.5,12.2,10.8,5.9
12,Winter,California,12,1.2,10.2,10.8,6.6
12,Winter,Colorado,3.7,-9.9,2.7,13.6,-3.1
12,Winter,Connecticut,5,-4.2,11.1,9.2,0.4
12,Winter,Delaware,9.1,-0.7,9.8,9.8,4.2
12,Winter,Florida,22,10,7.3,12,16
12,Winter,Georgia,15.5,3.3,11.2,12.2,9.4
12,Winter,Hawaii,25.6,18.1,12,7.5,21.85
12,Winter,Idaho,0.2,-8.4,7.7,8.6,-4.1
12,Winter,Illinois,4.1,-4.6,6.2,8.7,-0.25
12,Winter,Indiana,4.5,-4,7.7,8.5,0.25
12,Winter,Iowa,0.7,-8.5,3.5,9.2,-3.9
12,Winter,Kansas,6.9,-5.5,2.7,12.4,0.7
12,Winter,Kentucky,8.4,-1.6,11.3,10,3.4
12,Winter,Louisiana,16.7,5.3,13.3,11.4,11
12,Winter,Maine,-0.7,-9.7,10.4,9,-5.2
12,Winter,Maryland,8.2,-1.4,9.3,9.6,3.4
12,Winter,Massachusetts,4.3,-4.9,11.4,9.2,-0.3
12,Winter,Michigan,0.4,-6.9,5.5,7.3,-3.25
12,Winter,Minnesota,-4.1,-13.1,2.5,9,-8.6
12,Winter,Mississippi,14.6,3,14.2,11.6,8.8
12,Winter,Missouri,6.6,-3.6,6.3,10.2,1.5
12,Winter,Montana,-0.3,-10.7,3,10.4,-5.5
12,Winter,Nebraska,3.5,-8.8,1.7,12.3,-2.65
12,Winter,Nevada,5.9,-6.1,2.9,12,-0.1
12,Winter,New Hampshire,1.1,-8.4,10.6,9.5,-3.65
12,Winter,New Jersey,7.2,-2.1,10.8,9.3,2.55
12,Winter,New Mexico,9.6,-5.6,2.1,15.2,2
12,Winter,New York,1.9,-6.5,8.9,8.4,-2.3
12,Winter,North Carolina,12.3,0.6,9.9,11.7,6.45
12,Winter,North Dakota,-4.2,-14,1.5,9.8,-9.1
12,Winter,Ohio,4.7,-3.5,7.6,8.2,0.6
12,Winter,Oklahoma,10.7,-1.7,5.4,12.4,4.5
12,Winter,Oregon,4.3,-3.8,13.3,8.1,0.25
12,Winter,Pennsylvania,4,-4.4,8.9,8.4,-0.2
12,Winter,Rhode Island,6,-3.1,12.1,9.1,1.45
12,Winter,South Carolina,14.8,2.6,10,12.2,8.7
12,Winter,South Dakota,0,-11.1,1.4,11.1,-5.55
12,Winter,Tennessee,10.2,-0.3,13.8,10.5,4.95
12,Winter,Texas,15.8,2.3,4.7,13.5,9.05
12,Winter,Utah,3.4,-7.9,3,11.3,-2.25
12,Winter,Vermont,0.1,-9,9.5,9.1,-4.45
12,Winter,Virginia,9.3,-1.5,9.1,10.8,3.9
12,Winter,Washington,2.5,-3.4,16.3,5.9,-0.45
12,Winter,West Virginia,6.7,-3.1,9.5,9.8,1.8
12,Winter,Wisconsin,-1.7,-10.1,3.9,8.4,-5.9
12,Winter,Wyoming,0.1,-11.5,2.6,11.6,-5.7
